,Transaction ID,Date,Customer ID,Gender,Age,Product Category,Quantity,Price per Unit,Total Amount,Month,Age Group
0,1,2023-11-24,CUST001,1,34,2,3,50,150,11,"(25, 35]"
1,2,2023-02-27,CUST002,0,26,1,2,500,1000,2,"(25, 35]"
2,3,2023-01-13,CUST003,1,50,0,1,30,30,1,"(45, 65]"
3,4,2023-05-21,CUST004,1,37,1,1,500,500,5,"(35, 45]"
4,5,2023-05-06,CUST005,1,30,2,2,50,100,5,"(25, 35]"
5,6,2023-04-25,CUST006,0,45,2,1,30,30,4,"(35, 45]"
6,7,2023-03-13,CUST007,1,46,1,2,25,50,3,"(45, 65]"
7,8,2023-02-22,CUST008,1,30,0,4,25,100,2,"(25, 35]"
8,9,2023-12-13,CUST009,1,63,0,2,300,600,12,"(45, 65]"
9,10,2023-10-07,CUST010,0,52,1,4,50,200,10,"(45, 65]"
10,11,2023-02-14,CUST011,1,23,1,2,50,100,2,"(18, 25]"
11,12,2023-10-30,CUST012,1,35,2,3,25,75,10,"(25, 35]"
12,13,2023-08-05,CUST013,1,22,0,3,500,1500,8,"(18, 25]"
13,14,2023-01-17,CUST014,1,64,1,4,30,120,1,"(45, 65]"
14,15,2023-01-16,CUST015,0,42,0,4,500,2000,1,"(35, 45]"
15,16,2023-02-17,CUST016,1,19,1,3,500,1500,2,"(18, 25]"
16,17,2023-04-22,CUST017,0,27,1,4,25,100,4,"(25, 35]"
17,18,2023-04-30,CUST018,0,47,0,2,25,50,4,"(45, 65]"
18,19,2023-09-16,CUST019,0,62,1,2,25,50,9,"(45, 65]"
19,20,2023-11-05,CUST020,1,22,1,3,300,900,11,"(18, 25]"
20,21,2023-01-14,CUST021,0,50,2,1,500,500,1,"(45, 65]"
21,22,2023-10-15,CUST022,1,18,1,2,50,100,10,
22,23,2023-04-12,CUST023,0,35,1,4,30,120,4,"(25, 35]"
23,24,2023-11-29,CUST024,0,49,1,1,300,300,11,"(45, 65]"
24,25,2023-12-26,CUST025,0,64,2,1,50,50,12,"(45, 65]"
25,26,2023-10-07,CUST026,0,28,0,2,500,1000,10,"(25, 35]"
26,27,2023-08-03,CUST027,0,38,2,2,25,50,8,"(35, 45]"
27,28,2023-04-23,CUST028,0,43,2,1,500,500,4,"(35, 45]"
28,29,2023-08-18,CUST029,0,42,0,1,30,30,8,"(35, 45]"
29,30,2023-10-29,CUST030,0,39,2,3,300,900,10,"(35, 45]"
30,31,2023-05-23,CUST031,1,44,0,4,300,1200,5,"(35, 45]"
31,32,2023-01-04,CUST032,1,30,2,3,30,90,1,"(25, 35]"
32,33,2023-03-23,CUST033,0,50,0,2,50,100,3,"(45, 65]"
33,34,2023-12-24,CUST034,0,51,1,3,50,150,12,"(45, 65]"
34,35,2023-08-05,CUST035,0,58,2,3,300,900,8,"(45, 65]"
35,36,2023-06-24,CUST036,1,52,2,3,300,900,6,"(45, 65]"
36,37,2023-05-23,CUST037,0,18,2,3,25,75,5,
37,38,2023-03-21,CUST038,1,38,2,4,50,200,3,"(35, 45]"
38,39,2023-04-21,CUST039,1,23,1,4,30,120,4,"(18, 25]"
39,40,2023-06-22,CUST040,1,45,2,1,50,50,6,"(35, 45]"
40,41,2023-02-22,CUST041,1,34,1,2,25,50,2,"(25, 35]"
41,42,2023-02-17,CUST042,1,22,1,3,300,900,2,"(18, 25]"
42,43,2023-07-14,CUST043,0,48,1,1,300,300,7,"(45, 65]"
43,44,2023-02-19,CUST044,0,22,1,1,25,25,2,"(18, 25]"
44,45,2023-07-03,CUST045,0,55,0,1,30,30,7,"(45, 65]"
45,46,2023-06-26,CUST046,0,20,0,4,300,1200,6,"(18, 25]"
46,47,2023-11-06,CUST047,0,40,2,3,500,1500,11,"(35, 45]"
47,48,2023-05-16,CUST048,1,54,0,3,300,900,5,"(45, 65]"
48,49,2023-01-23,CUST049,0,54,0,2,500,1000,1,"(45, 65]"
49,50,2023-08-24,CUST050,0,27,2,3,25,75,8,"(25, 35]"
50,51,2023-10-02,CUST051,1,27,2,3,25,75,10,"(25, 35]"
51,52,2023-03-05,CUST052,0,36,2,1,300,300,3,"(35, 45]"
52,53,2023-07-13,CUST053,1,34,0,2,50,100,7,"(25, 35]"
53,54,2023-02-10,CUST054,0,38,0,3,500,1500,2,"(35, 45]"
54,55,2023-10-10,CUST055,1,31,2,4,30,120,10,"(25, 35]"
55,56,2023-05-31,CUST056,0,26,1,3,300,900,5,"(25, 35]"
56,57,2023-11-18,CUST057,0,63,2,1,30,30,11,"(45, 65]"
57,58,2023-11-13,CUST058,1,18,1,4,300,1200,11,
58,59,2023-07-05,CUST059,1,62,1,1,50,50,7,"(45, 65]"
59,60,2023-10-23,CUST060,1,30,2,3,50,150,10,"(25, 35]"
60,61,2023-04-09,CUST061,1,21,2,4,50,200,4,"(18, 25]"
61,62,2023-12-27,CUST062,1,18,2,2,50,100,12,
62,63,2023-02-05,CUST063,1,57,0,2,25,50,2,"(45, 65]"
63,64,2023-01-24,CUST064,1,49,1,4,25,100,1,"(45, 65]"
64,65,2023-12-05,CUST065,1,51,0,4,500,2000,12,"(45, 65]"
65,66,2023-04-27,CUST066,0,45,0,1,30,30,4,"(35, 45]"
66,67,2023-05-29,CUST067,0,48,2,4,300,1200,5,"(45, 65]"
67,68,2023-02-10,CUST068,1,25,0,1,300,300,2,"(18, 25]"
68,69,2023-04-30,CUST069,0,56,2,3,25,75,4,"(45, 65]"
69,70,2023-02-21,CUST070,0,43,1,1,300,300,2,"(35, 45]"
70,71,2023-07-14,CUST071,0,51,2,4,25,100,7,"(45, 65]"
71,72,2023-05-23,CUST072,0,20,0,4,500,2000,5,"(18, 25]"
72,73,2023-08-21,CUST073,1,29,0,3,30,90,8,"(25, 35]"
73,74,2023-11-22,CUST074,0,18,2,4,500,2000,11,
74,75,2023-07-06,CUST075,1,61,2,4,50,200,7,"(45, 65]"
75,76,2023-03-25,CUST076,0,22,0,2,50,100,3,"(18, 25]"
76,77,2023-07-09,CUST077,0,47,1,2,50,100,7,"(45, 65]"
77,78,2023-07-01,CUST078,0,47,1,3,500,1500,7,"(45, 65]"
78,79,2023-04-18,CUST079,1,34,2,1,300,300,4,"(25, 35]"
79,80,2023-12-10,CUST080,0,64,1,2,30,60,12,"(45, 65]"
80,81,2023-05-17,CUST081,1,40,0,1,50,50,5,"(35, 45]"
81,82,2023-12-26,CUST082,0,32,2,4,50,200,12,"(25, 35]"
82,83,2023-12-16,CUST083,1,54,0,2,50,100,12,"(45, 65]"
83,84,2023-11-28,CUST084,0,38,0,3,30,90,11,"(35, 45]"
84,85,2023-02-06,CUST085,1,31,1,3,50,150,2,"(25, 35]"
85,86,2023-11-08,CUST086,1,19,2,3,30,90,11,"(18, 25]"
86,87,2023-11-22,CUST087,0,28,2,2,50,100,11,"(25, 35]"
87,88,2023-03-29,CUST088,1,56,1,1,500,500,3,"(45, 65]"
88,89,2023-10-01,CUST089,0,55,0,4,500,2000,10,"(45, 65]"
89,90,2023-05-06,CUST090,0,51,0,1,30,30,5,"(45, 65]"
90,91,2023-03-25,CUST091,0,55,0,1,500,500,3,"(45, 65]"
91,92,2023-08-25,CUST092,0,51,0,4,30,120,8,"(45, 65]"
92,93,2023-07-14,CUST093,0,35,2,4,500,2000,7,"(25, 35]"
93,94,2023-05-19,CUST094,0,47,2,2,500,1000,5,"(45, 65]"
94,95,2023-11-24,CUST095,0,32,1,2,30,60,11,"(25, 35]"
95,96,2023-12-19,CUST096,0,44,1,2,300,600,12,"(35, 45]"
96,97,2023-10-13,CUST097,0,51,2,2,500,1000,10,"(45, 65]"
97,98,2023-04-23,CUST098,0,55,2,2,50,100,4,"(45, 65]"
98,99,2023-12-17,CUST099,0,50,0,4,300,1200,12,"(45, 65]"
99,100,2023-06-16,CUST100,1,41,0,1,30,30,6,"(35, 45]"
100,101,2023-01-29,CUST101,1,32,1,2,300,600,1,"(25, 35]"
101,102,2023-04-28,CUST102,0,47,2,2,25,50,4,"(45, 65]"
102,103,2023-01-17,CUST103,0,59,1,1,25,25,1,"(45, 65]"
103,104,2023-06-11,CUST104,0,34,2,2,500,1000,6,"(25, 35]"
104,105,2023-07-25,CUST105,0,22,0,1,500,500,7,"(18, 25]"
105,106,2023-05-18,CUST106,0,46,1,1,50,50,5,"(45, 65]"
106,107,2023-02-03,CUST107,0,21,1,4,300,1200,2,"(18, 25]"
107,108,2023-04-19,CUST108,0,27,2,3,25,75,4,"(25, 35]"
108,109,2023-10-18,CUST109,0,34,0,4,500,2000,10,"(25, 35]"
109,110,2023-06-11,CUST110,1,27,1,3,300,900,6,"(25, 35]"
110,111,2023-04-19,CUST111,0,34,0,3,500,1500,4,"(25, 35]"
111,112,2023-12-02,CUST112,1,37,1,3,500,1500,12,"(35, 45]"
112,113,2023-09-13,CUST113,0,41,0,2,25,50,9,"(35, 45]"
113,114,2023-07-22,CUST114,0,22,2,4,25,100,7,"(18, 25]"
114,115,2023-11-26,CUST115,1,51,1,3,500,1500,11,"(45, 65]"
115,116,2023-08-23,CUST116,0,23,1,1,30,30,8,"(18, 25]"
116,117,2023-03-15,CUST117,1,19,0,2,500,1000,3,"(18, 25]"
117,118,2023-05-16,CUST118,0,30,0,4,500,2000,5,"(25, 35]"
118,119,2023-03-13,CUST119,0,60,1,3,50,150,3,"(45, 65]"
119,120,2023-05-07,CUST120,1,60,2,1,50,50,5,"(45, 65]"
120,121,2023-10-15,CUST121,0,28,0,4,50,200,10,"(25, 35]"
121,122,2023-10-03,CUST122,1,64,0,4,30,120,10,"(45, 65]"
122,123,2023-05-15,CUST123,0,40,0,2,30,60,5,"(35, 45]"
123,124,2023-10-27,CUST124,1,33,1,4,500,2000,10,"(25, 35]"
124,125,2023-08-08,CUST125,1,48,1,2,50,100,8,"(45, 65]"
125,126,2023-10-26,CUST126,0,28,1,3,30,90,10,"(25, 35]"
126,127,2023-07-24,CUST127,0,33,1,2,25,50,7,"(25, 35]"
127,128,2023-07-05,CUST128,1,25,2,1,500,500,7,"(18, 25]"
128,129,2023-04-23,CUST129,0,21,2,2,300,600,4,"(18, 25]"
129,130,2023-03-12,CUST130,0,57,1,1,500,500,3,"(45, 65]"
130,131,2023-09-18,CUST131,0,21,2,2,300,600,9,"(18, 25]"
131,132,2023-09-10,CUST132,1,42,0,4,50,200,9,"(35, 45]"
132,133,2023-02-16,CUST133,1,20,0,3,300,900,2,"(18, 25]"
133,134,2023-01-25,CUST134,1,49,0,1,50,50,1,"(45, 65]"
134,135,2023-02-26,CUST135,1,20,1,2,25,50,2,"(18, 25]"
135,136,2023-03-20,CUST136,1,44,0,2,300,600,3,"(35, 45]"
136,137,2023-11-18,CUST137,1,46,2,2,500,1000,11,"(45, 65]"
137,138,2023-03-23,CUST138,1,49,1,4,50,200,3,"(45, 65]"
138,139,2023-12-15,CUST139,1,36,2,4,500,2000,12,"(35, 45]"
139,140,2023-08-05,CUST140,1,38,0,1,30,30,8,"(35, 45]"
140,141,2023-11-02,CUST141,0,22,0,1,50,50,11,"(18, 25]"
141,142,2023-02-02,CUST142,1,35,0,4,300,1200,2,"(25, 35]"
142,143,2023-07-17,CUST143,0,45,1,1,50,50,7,"(35, 45]"
143,144,2023-07-15,CUST144,0,59,2,3,500,1500,7,"(45, 65]"
144,145,2023-11-02,CUST145,0,39,1,3,25,75,11,"(35, 45]"
145,146,2023-08-28,CUST146,1,38,1,4,50,200,8,"(35, 45]"
146,147,2023-09-28,CUST147,1,23,0,1,300,300,9,"(18, 25]"
147,148,2023-05-09,CUST148,1,18,1,2,30,60,5,
148,149,2023-10-11,CUST149,1,22,1,3,25,75,10,"(18, 25]"
149,150,2023-01-06,CUST150,0,58,0,4,30,120,1,"(45, 65]"
150,151,2023-12-15,CUST151,1,29,1,1,50,50,12,"(25, 35]"
151,152,2023-02-28,CUST152,1,43,0,4,500,2000,2,"(35, 45]"
152,153,2023-12-16,CUST153,1,63,0,2,500,1000,12,"(45, 65]"
153,154,2023-10-02,CUST154,1,51,0,3,300,900,10,"(45, 65]"
154,155,2023-05-17,CUST155,1,31,0,4,500,2000,5,"(25, 35]"
155,156,2023-11-25,CUST156,0,43,1,4,25,100,11,"(35, 45]"
156,157,2023-06-24,CUST157,1,62,0,4,500,2000,6,"(45, 65]"
157,158,2023-02-27,CUST158,0,44,0,2,300,600,2,"(35, 45]"
158,159,2023-05-31,CUST159,1,26,1,4,50,200,5,"(25, 35]"
159,160,2023-08-11,CUST160,0,43,1,2,50,100,8,"(35, 45]"
160,161,2023-03-22,CUST161,1,64,2,2,500,1000,3,"(45, 65]"
161,162,2023-08-21,CUST162,1,39,1,2,30,60,8,"(35, 45]"
162,163,2023-01-02,CUST163,0,64,1,3,50,150,1,"(45, 65]"
163,164,2023-05-15,CUST164,0,47,2,3,500,1500,5,"(45, 65]"
164,165,2023-09-14,CUST165,0,60,1,4,300,1200,9,"(45, 65]"
165,166,2023-04-02,CUST166,1,34,1,4,500,2000,4,"(25, 35]"
166,167,2023-09-17,CUST167,0,43,1,3,50,150,9,"(35, 45]"
167,168,2023-02-24,CUST168,1,53,1,1,300,300,2,"(45, 65]"
168,169,2023-11-17,CUST169,1,18,2,3,500,1500,11,
169,170,2023-06-02,CUST170,0,25,1,2,25,50,6,"(18, 25]"
170,171,2023-11-24,CUST171,0,52,1,3,300,900,11,"(45, 65]"
171,172,2023-09-17,CUST172,1,32,2,2,25,50,9,"(25, 35]"
172,173,2023-11-08,CUST173,1,64,0,4,30,120,11,"(45, 65]"
173,174,2023-04-12,CUST174,0,39,2,1,300,300,4,"(35, 45]"
174,175,2023-03-20,CUST175,0,31,0,4,25,100,3,"(25, 35]"
175,176,2023-07-11,CUST176,0,43,2,2,50,100,7,"(35, 45]"
176,177,2023-03-24,CUST177,1,45,2,2,50,100,3,"(35, 45]"
177,178,2023-10-04,CUST178,1,40,1,2,30,60,10,"(35, 45]"
178,179,2023-09-29,CUST179,1,31,0,1,300,300,9,"(25, 35]"
179,180,2023-01-01,CUST180,1,41,1,3,300,900,1,"(35, 45]"
180,181,2023-11-03,CUST181,1,19,0,4,300,1200,11,"(18, 25]"
181,182,2023-06-15,CUST182,1,62,2,4,30,120,6,"(45, 65]"
182,183,2023-09-08,CUST183,0,43,2,3,300,900,9,"(35, 45]"
183,184,2023-01-10,CUST184,1,31,0,4,50,200,1,"(25, 35]"
184,185,2023-02-27,CUST185,1,24,1,1,25,25,2,"(18, 25]"
185,186,2023-07-05,CUST186,1,20,1,4,50,200,7,"(18, 25]"
186,187,2023-06-07,CUST187,0,64,1,2,50,100,6,"(45, 65]"
187,188,2023-05-03,CUST188,1,40,1,3,25,75,5,"(35, 45]"
188,189,2023-01-30,CUST189,1,63,2,1,50,50,1,"(45, 65]"
189,190,2023-05-04,CUST190,0,60,2,3,30,90,5,"(45, 65]"
190,191,2023-10-18,CUST191,1,64,2,1,25,25,10,"(45, 65]"
191,192,2023-02-10,CUST192,1,62,2,2,50,100,2,"(45, 65]"
192,193,2023-02-13,CUST193,1,35,2,3,500,1500,2,"(25, 35]"
193,194,2023-09-06,CUST194,1,55,1,4,50,200,9,"(45, 65]"
194,195,2023-02-05,CUST195,1,52,1,1,30,30,2,"(45, 65]"
195,196,2023-09-30,CUST196,0,32,1,3,300,900,9,"(25, 35]"
196,197,2023-03-06,CUST197,0,42,1,4,50,200,3,"(35, 45]"
197,198,2023-03-07,CUST198,0,54,2,3,300,900,3,"(45, 65]"
198,199,2023-12-04,CUST199,1,45,2,3,500,1500,12,"(35, 45]"
199,200,2023-09-01,CUST200,1,27,2,3,50,150,9,"(25, 35]"
200,201,2023-10-09,CUST201,1,56,0,1,25,25,10,"(45, 65]"
201,202,2023-03-26,CUST202,0,34,1,4,300,1200,3,"(25, 35]"
202,203,2023-05-16,CUST203,1,56,1,2,500,1000,5,"(45, 65]"
203,204,2023-09-28,CUST204,1,39,2,1,25,25,9,"(35, 45]"
204,205,2023-11-07,CUST205,0,43,1,1,25,25,11,"(35, 45]"
205,206,2023-08-05,CUST206,1,61,1,1,25,25,8,"(45, 65]"
206,207,2023-04-19,CUST207,0,42,2,2,25,50,4,"(35, 45]"
207,208,2023-10-04,CUST208,0,34,0,4,50,200,10,"(25, 35]"
208,209,2023-12-20,CUST209,0,30,0,4,50,200,12,"(25, 35]"
209,210,2023-04-13,CUST210,1,37,0,4,50,200,4,"(35, 45]"
210,211,2024-01-01,CUST211,1,42,2,3,500,1500,1,"(35, 45]"
211,212,2023-06-09,CUST212,1,21,1,3,500,1500,6,"(18, 25]"
212,213,2023-07-24,CUST213,1,27,2,3,500,1500,7,"(25, 35]"
213,214,2023-12-10,CUST214,1,20,2,2,30,60,12,"(18, 25]"
214,215,2023-11-29,CUST215,1,58,1,3,500,1500,11,"(45, 65]"
215,216,2023-07-11,CUST216,1,62,0,2,50,100,7,"(45, 65]"
216,217,2023-08-13,CUST217,0,35,0,4,50,200,8,"(25, 35]"
217,218,2023-09-22,CUST218,1,64,2,3,30,90,9,"(45, 65]"
218,219,2023-08-20,CUST219,0,53,0,3,30,90,8,"(45, 65]"
219,220,2023-03-03,CUST220,1,64,2,1,500,500,3,"(45, 65]"
220,221,2023-05-07,CUST221,1,39,2,2,300,600,5,"(35, 45]"
221,222,2023-04-26,CUST222,1,51,1,4,30,120,4,"(45, 65]"
222,223,2023-02-02,CUST223,0,64,1,1,25,25,2,"(45, 65]"
223,224,2023-06-23,CUST224,0,25,1,1,50,50,6,"(18, 25]"
224,225,2023-01-11,CUST225,0,57,2,4,25,100,1,"(45, 65]"
225,226,2023-10-29,CUST226,0,61,1,1,50,50,10,"(45, 65]"
226,227,2023-10-11,CUST227,1,36,0,2,50,100,10,"(35, 45]"
227,228,2023-04-28,CUST228,0,59,0,2,30,60,4,"(45, 65]"
228,229,2023-10-29,CUST229,1,58,2,3,30,90,10,"(45, 65]"
229,230,2023-04-23,CUST230,1,54,2,1,25,25,4,"(45, 65]"
230,231,2023-01-04,CUST231,0,23,1,3,50,150,1,"(18, 25]"
231,232,2023-02-06,CUST232,0,43,2,1,25,25,2,"(35, 45]"
232,233,2023-12-29,CUST233,0,51,2,2,300,600,12,"(45, 65]"
233,234,2023-11-20,CUST234,0,62,0,2,25,50,11,"(45, 65]"
234,235,2023-01-31,CUST235,0,23,0,2,500,1000,1,"(18, 25]"
235,236,2023-04-28,CUST236,0,54,1,1,25,25,4,"(45, 65]"
236,237,2023-02-04,CUST237,0,50,2,2,500,1000,2,"(45, 65]"
237,238,2023-01-17,CUST238,0,39,2,1,500,500,1,"(35, 45]"
238,239,2023-06-19,CUST239,1,38,0,3,500,1500,6,"(35, 45]"
239,240,2023-02-06,CUST240,0,23,2,1,300,300,2,"(18, 25]"
240,241,2023-09-21,CUST241,0,23,0,3,25,75,9,"(18, 25]"
241,242,2023-05-02,CUST242,1,21,1,1,25,25,5,"(18, 25]"
242,243,2023-05-23,CUST243,0,47,0,3,300,900,5,"(45, 65]"
243,244,2023-12-09,CUST244,1,28,2,2,50,100,12,"(25, 35]"
244,245,2023-09-06,CUST245,1,47,1,3,30,90,9,"(45, 65]"
245,246,2023-04-20,CUST246,0,48,0,2,25,50,4,"(45, 65]"
246,247,2023-10-04,CUST247,1,41,0,2,30,60,10,"(35, 45]"
247,248,2023-03-09,CUST248,1,26,1,3,300,900,3,"(25, 35]"
248,249,2023-10-20,CUST249,1,20,1,1,50,50,10,"(18, 25]"
249,250,2023-10-23,CUST250,1,48,0,1,50,50,10,"(45, 65]"
250,251,2023-08-31,CUST251,0,57,2,4,50,200,8,"(45, 65]"
251,252,2023-05-05,CUST252,1,54,0,1,300,300,5,"(45, 65]"
252,253,2023-08-31,CUST253,0,53,1,4,500,2000,8,"(45, 65]"
253,254,2023-07-28,CUST254,1,41,0,1,500,500,7,"(35, 45]"
254,255,2023-04-08,CUST255,1,48,1,1,30,30,4,"(45, 65]"
255,256,2023-02-18,CUST256,1,23,1,2,500,1000,2,"(18, 25]"
256,257,2023-02-19,CUST257,1,19,2,4,500,2000,2,"(18, 25]"
257,258,2023-12-04,CUST258,0,37,1,1,50,50,12,"(35, 45]"
258,259,2023-08-09,CUST259,0,45,1,4,50,200,8,"(35, 45]"
259,260,2023-07-01,CUST260,1,28,2,2,30,60,7,"(25, 35]"
260,261,2023-08-05,CUST261,1,21,1,2,25,50,8,"(18, 25]"
261,262,2023-07-30,CUST262,0,32,2,4,30,120,7,"(25, 35]"
262,263,2023-08-28,CUST263,1,23,2,2,30,60,8,"(18, 25]"
263,264,2023-01-28,CUST264,1,47,1,3,300,900,1,"(45, 65]"
264,265,2023-12-11,CUST265,1,55,1,3,300,900,12,"(45, 65]"
265,266,2023-12-01,CUST266,0,19,0,2,30,60,12,"(18, 25]"
266,267,2023-11-27,CUST267,0,32,2,3,30,90,11,"(25, 35]"
267,268,2023-02-20,CUST268,0,28,0,1,30,30,2,"(25, 35]"
268,269,2023-02-01,CUST269,1,25,1,4,500,2000,2,"(18, 25]"
269,270,2023-07-26,CUST270,1,43,0,1,300,300,7,"(35, 45]"
270,271,2023-06-23,CUST271,0,62,2,4,30,120,6,"(45, 65]"
271,272,2023-02-25,CUST272,0,61,0,2,50,100,2,"(45, 65]"
272,273,2023-05-08,CUST273,0,22,2,1,50,50,5,"(18, 25]"
273,274,2023-04-09,CUST274,0,23,1,2,500,1000,4,"(18, 25]"
274,275,2023-04-08,CUST275,1,43,1,2,500,1000,4,"(35, 45]"
275,276,2023-10-02,CUST276,0,21,2,4,25,100,10,"(18, 25]"
276,277,2023-08-18,CUST277,1,36,1,4,25,100,8,"(35, 45]"
277,278,2023-03-13,CUST278,0,37,1,4,25,100,3,"(35, 45]"
278,279,2023-08-05,CUST279,1,50,1,1,500,500,8,"(45, 65]"
279,280,2023-04-04,CUST280,0,37,1,3,500,1500,4,"(35, 45]"
280,281,2023-05-23,CUST281,0,29,2,4,500,2000,5,"(25, 35]"
281,282,2023-08-25,CUST282,0,64,0,4,50,200,8,"(45, 65]"
282,283,2023-05-08,CUST283,0,18,0,1,500,500,5,
283,284,2023-02-08,CUST284,1,43,1,4,50,200,2,"(35, 45]"
284,285,2023-08-15,CUST285,0,31,0,1,25,25,8,"(25, 35]"
285,286,2023-10-09,CUST286,1,55,0,2,25,50,10,"(45, 65]"
286,287,2023-02-20,CUST287,1,54,1,4,25,100,2,"(45, 65]"
287,288,2023-01-26,CUST288,1,28,1,4,30,120,1,"(25, 35]"
288,289,2023-11-30,CUST289,1,53,0,2,30,60,11,"(45, 65]"
289,290,2023-10-04,CUST290,0,30,2,2,300,600,10,"(25, 35]"
290,291,2023-01-08,CUST291,1,60,1,2,300,600,1,"(45, 65]"
291,292,2023-02-17,CUST292,1,20,2,4,300,1200,2,"(18, 25]"
292,293,2023-05-02,CUST293,1,50,0,3,30,90,5,"(45, 65]"
293,294,2023-03-27,CUST294,0,23,1,3,30,90,3,"(18, 25]"
294,295,2023-07-28,CUST295,0,27,2,3,300,900,7,"(25, 35]"
295,296,2023-09-06,CUST296,0,22,1,4,300,1200,9,"(18, 25]"
296,297,2023-09-04,CUST297,0,40,0,2,500,1000,9,"(35, 45]"
297,298,2023-04-20,CUST298,1,27,2,4,300,1200,4,"(25, 35]"
298,299,2023-07-25,CUST299,1,61,0,2,500,1000,7,"(45, 65]"
299,300,2023-01-31,CUST300,0,19,0,4,50,200,1,"(18, 25]"
300,301,2023-03-26,CUST301,1,30,1,4,30,120,3,"(25, 35]"
301,302,2023-07-14,CUST302,1,57,2,2,300,600,7,"(45, 65]"
302,303,2023-01-02,CUST303,1,19,0,3,30,90,1,"(18, 25]"
303,304,2023-07-19,CUST304,0,37,0,2,30,60,7,"(35, 45]"
304,305,2023-05-16,CUST305,0,18,2,1,30,30,5,
305,306,2023-08-21,CUST306,1,54,0,1,50,50,8,"(45, 65]"
306,307,2023-05-27,CUST307,0,26,0,2,25,50,5,"(25, 35]"
307,308,2023-08-05,CUST308,0,34,2,4,300,1200,8,"(25, 35]"
308,309,2023-12-23,CUST309,0,26,2,1,25,25,12,"(25, 35]"
309,310,2023-10-12,CUST310,0,28,2,1,25,25,10,"(25, 35]"
310,311,2023-12-05,CUST311,0,32,2,4,25,100,12,"(25, 35]"
311,312,2023-09-07,CUST312,1,41,1,4,30,120,9,"(35, 45]"
312,313,2023-03-21,CUST313,0,55,2,3,500,1500,3,"(45, 65]"
313,314,2023-04-08,CUST314,1,52,1,4,30,120,4,"(45, 65]"
314,315,2023-06-01,CUST315,1,47,1,2,30,60,6,"(45, 65]"
315,316,2023-04-22,CUST316,0,48,1,2,25,50,4,"(45, 65]"
316,317,2023-01-30,CUST317,1,22,0,3,30,90,1,"(18, 25]"
317,318,2023-10-24,CUST318,1,61,1,1,25,25,10,"(45, 65]"
318,319,2023-10-05,CUST319,1,31,1,1,500,500,10,"(25, 35]"
319,320,2023-02-01,CUST320,0,28,0,4,300,1200,2,"(25, 35]"
320,321,2023-06-10,CUST321,0,26,0,2,25,50,6,"(25, 35]"
321,322,2023-01-30,CUST322,1,51,0,1,500,500,1,"(45, 65]"
322,323,2023-01-26,CUST323,0,29,2,3,300,900,1,"(25, 35]"
323,324,2023-10-27,CUST324,0,52,0,3,50,150,10,"(45, 65]"
324,325,2023-09-02,CUST325,0,52,0,2,25,50,9,"(45, 65]"
325,326,2023-09-15,CUST326,0,18,1,3,25,75,9,
326,327,2023-09-29,CUST327,1,57,0,3,50,150,9,"(45, 65]"
327,328,2023-03-22,CUST328,1,39,2,2,50,100,3,"(35, 45]"
328,329,2023-01-30,CUST329,0,46,0,4,25,100,1,"(45, 65]"
329,330,2023-09-18,CUST330,0,25,2,4,50,200,9,"(18, 25]"
330,331,2023-02-11,CUST331,1,28,0,3,30,90,2,"(25, 35]"
331,332,2023-04-06,CUST332,1,58,0,4,300,1200,4,"(45, 65]"
332,333,2023-02-05,CUST333,0,54,0,4,300,1200,2,"(45, 65]"
333,334,2023-11-01,CUST334,1,31,0,3,300,900,11,"(25, 35]"
334,335,2023-02-04,CUST335,0,47,2,4,30,120,2,"(45, 65]"
335,336,2023-12-12,CUST336,0,52,2,3,50,150,12,"(45, 65]"
336,337,2023-05-01,CUST337,1,38,1,1,500,500,5,"(35, 45]"
337,338,2023-07-26,CUST338,1,54,2,2,50,100,7,"(45, 65]"
338,339,2023-03-03,CUST339,0,22,0,2,25,50,3,"(18, 25]"
339,340,2023-10-19,CUST340,0,36,1,4,300,1200,10,"(35, 45]"
340,341,2023-05-07,CUST341,1,31,1,4,50,200,5,"(25, 35]"
341,342,2023-10-24,CUST342,0,43,1,4,500,2000,10,"(35, 45]"
342,343,2023-11-01,CUST343,1,21,0,2,25,50,11,"(18, 25]"
343,344,2023-01-21,CUST344,0,42,2,1,30,30,1,"(35, 45]"
344,345,2023-11-14,CUST345,1,62,0,1,30,30,11,"(45, 65]"
345,346,2023-02-11,CUST346,1,59,1,2,500,1000,2,"(45, 65]"
346,347,2023-08-03,CUST347,1,42,0,1,25,25,8,"(35, 45]"
347,348,2023-12-03,CUST348,0,35,0,2,300,600,12,"(25, 35]"
348,349,2023-10-26,CUST349,0,57,2,1,50,50,10,"(45, 65]"
349,350,2023-10-17,CUST350,1,25,2,3,25,75,10,"(18, 25]"
350,351,2023-09-25,CUST351,0,56,1,3,30,90,9,"(45, 65]"
351,352,2023-06-11,CUST352,1,57,0,2,500,1000,6,"(45, 65]"
352,353,2023-05-14,CUST353,1,31,0,1,500,500,5,"(25, 35]"
353,354,2023-04-15,CUST354,0,49,2,4,50,200,4,"(45, 65]"
354,355,2023-12-09,CUST355,0,55,0,1,500,500,12,"(45, 65]"
355,356,2023-06-10,CUST356,1,50,0,3,500,1500,6,"(45, 65]"
356,357,2023-05-03,CUST357,0,40,0,3,25,75,5,"(35, 45]"
357,358,2023-05-16,CUST358,0,32,2,1,300,300,5,"(25, 35]"
358,359,2023-07-22,CUST359,1,50,1,1,50,50,7,"(45, 65]"
359,360,2023-03-09,CUST360,1,42,1,4,25,100,3,"(35, 45]"
360,361,2023-12-10,CUST361,0,34,0,4,300,1200,12,"(25, 35]"
361,362,2023-11-27,CUST362,1,50,1,1,25,25,11,"(45, 65]"
362,363,2023-06-03,CUST363,1,64,2,1,25,25,6,"(45, 65]"
363,364,2023-08-23,CUST364,0,19,2,1,500,500,8,"(18, 25]"
364,365,2023-06-11,CUST365,1,31,1,1,300,300,6,"(25, 35]"
365,366,2023-02-07,CUST366,1,57,1,2,50,100,2,"(45, 65]"
366,367,2023-01-05,CUST367,0,57,0,1,50,50,1,"(45, 65]"
367,368,2023-08-23,CUST368,0,56,1,4,300,1200,8,"(45, 65]"
368,369,2023-11-15,CUST369,1,23,0,3,500,1500,11,"(18, 25]"
369,370,2023-10-16,CUST370,1,23,0,2,30,60,10,"(18, 25]"
370,371,2023-02-21,CUST371,0,20,2,1,25,25,2,"(18, 25]"
371,372,2023-02-07,CUST372,0,24,2,3,500,1500,2,"(18, 25]"
372,373,2023-10-03,CUST373,0,25,2,2,300,600,10,"(18, 25]"
373,374,2023-04-20,CUST374,0,59,2,3,25,75,4,"(45, 65]"
374,375,2023-09-17,CUST375,1,32,1,1,50,50,9,"(25, 35]"
375,376,2023-05-16,CUST376,0,64,2,1,30,30,5,"(45, 65]"
376,377,2023-03-09,CUST377,0,46,1,4,50,200,3,"(45, 65]"
377,378,2023-06-28,CUST378,1,50,2,1,300,300,6,"(45, 65]"
378,379,2023-02-05,CUST379,0,47,1,1,25,25,2,"(45, 65]"
379,380,2023-05-06,CUST380,1,56,0,2,300,600,5,"(45, 65]"
380,381,2023-07-09,CUST381,0,44,1,4,25,100,7,"(35, 45]"
381,382,2023-05-26,CUST382,0,53,1,2,500,1000,5,"(45, 65]"
382,383,2023-03-22,CUST383,0,46,2,3,30,90,3,"(45, 65]"
383,384,2023-08-13,CUST384,1,55,1,1,500,500,8,"(45, 65]"
384,385,2023-10-06,CUST385,1,50,0,3,500,1500,10,"(45, 65]"
385,386,2023-12-27,CUST386,0,54,0,2,300,600,12,"(45, 65]"
386,387,2023-06-04,CUST387,1,44,2,1,30,30,6,"(35, 45]"
387,388,2023-11-10,CUST388,1,50,0,1,25,25,11,"(45, 65]"
388,389,2023-12-01,CUST389,1,21,1,2,25,50,12,"(18, 25]"
389,390,2023-09-28,CUST390,1,39,0,2,50,100,9,"(35, 45]"
390,391,2023-01-05,CUST391,1,19,2,2,25,50,1,"(18, 25]"
391,392,2023-12-08,CUST392,1,27,1,2,300,600,12,"(25, 35]"
392,393,2023-10-11,CUST393,0,22,2,2,500,1000,10,"(18, 25]"
393,394,2023-06-03,CUST394,0,27,1,1,500,500,6,"(25, 35]"
394,395,2023-12-06,CUST395,1,50,0,2,500,1000,12,"(45, 65]"
395,396,2023-02-23,CUST396,0,55,2,1,30,30,2,"(45, 65]"
396,397,2023-03-10,CUST397,0,30,2,1,25,25,3,"(25, 35]"
397,398,2023-05-16,CUST398,0,48,1,2,300,600,5,"(45, 65]"
398,399,2023-03-01,CUST399,0,64,2,2,30,60,3,"(45, 65]"
399,400,2023-02-24,CUST400,1,53,1,4,50,200,2,"(45, 65]"
400,401,2023-10-11,CUST401,0,62,1,1,300,300,10,"(45, 65]"
401,402,2023-03-21,CUST402,0,41,1,2,300,600,3,"(35, 45]"
402,403,2023-05-20,CUST403,1,32,1,2,300,600,5,"(25, 35]"
403,404,2023-05-25,CUST404,1,46,0,2,500,1000,5,"(45, 65]"
404,405,2023-11-06,CUST405,0,25,1,4,300,1200,11,"(18, 25]"
405,406,2023-04-18,CUST406,0,22,2,4,25,100,4,"(18, 25]"
406,407,2023-06-25,CUST407,0,46,0,3,300,900,6,"(45, 65]"
407,408,2023-04-15,CUST408,0,64,2,1,500,500,4,"(45, 65]"
408,409,2023-12-18,CUST409,0,21,0,3,300,900,12,"(18, 25]"
409,410,2023-11-21,CUST410,0,29,1,2,50,100,11,"(25, 35]"
410,411,2023-05-16,CUST411,1,62,0,4,50,200,5,"(45, 65]"
411,412,2023-09-16,CUST412,0,19,0,4,500,2000,9,"(18, 25]"
412,413,2023-09-08,CUST413,0,44,2,3,25,75,9,"(35, 45]"
413,414,2023-05-09,CUST414,1,48,2,4,25,100,5,"(45, 65]"
414,415,2023-01-27,CUST415,1,53,1,2,30,60,1,"(45, 65]"
415,416,2023-02-17,CUST416,1,53,0,4,500,2000,2,"(45, 65]"
416,417,2023-11-21,CUST417,1,43,0,3,300,900,11,"(35, 45]"
417,418,2023-08-05,CUST418,0,60,0,2,500,1000,8,"(45, 65]"
418,419,2023-05-22,CUST419,0,44,1,3,30,90,5,"(35, 45]"
419,420,2023-01-23,CUST420,0,22,1,4,500,2000,1,"(18, 25]"
420,421,2023-01-02,CUST421,0,37,1,3,500,1500,1,"(35, 45]"
421,422,2023-06-20,CUST422,0,28,1,3,30,90,6,"(25, 35]"
422,423,2023-03-08,CUST423,0,27,1,1,25,25,3,"(25, 35]"
423,424,2023-11-23,CUST424,1,57,2,4,300,1200,11,"(45, 65]"
424,425,2023-05-15,CUST425,0,55,0,4,30,120,5,"(45, 65]"
425,426,2023-03-24,CUST426,1,23,0,3,50,150,3,"(18, 25]"
426,427,2023-08-15,CUST427,1,25,0,1,25,25,8,"(18, 25]"
427,428,2023-10-10,CUST428,0,40,0,4,50,200,10,"(35, 45]"
428,429,2023-12-28,CUST429,1,64,0,2,25,50,12,"(45, 65]"
429,430,2023-08-07,CUST430,0,43,0,3,300,900,8,"(35, 45]"
430,431,2023-10-15,CUST431,1,63,0,4,300,1200,10,"(45, 65]"
431,432,2023-01-05,CUST432,0,60,0,2,500,1000,1,"(45, 65]"
432,433,2023-02-27,CUST433,1,29,2,4,50,200,2,"(25, 35]"
433,434,2023-02-08,CUST434,0,43,0,2,25,50,2,"(35, 45]"
434,435,2023-12-20,CUST435,0,30,2,3,300,900,12,"(25, 35]"
435,436,2023-03-18,CUST436,0,57,1,4,30,120,3,"(45, 65]"
436,437,2023-10-07,CUST437,0,35,0,4,300,1200,10,"(25, 35]"
437,438,2023-01-19,CUST438,0,42,1,1,30,30,1,"(35, 45]"
438,439,2023-07-09,CUST439,1,50,1,3,25,75,7,"(45, 65]"
439,440,2023-10-26,CUST440,1,64,1,2,300,600,10,"(45, 65]"
440,441,2023-10-10,CUST441,1,57,2,4,300,1200,10,"(45, 65]"
441,442,2023-03-17,CUST442,0,60,1,4,25,100,3,"(45, 65]"
442,443,2023-08-09,CUST443,1,29,1,2,300,600,8,"(25, 35]"
443,444,2023-03-07,CUST444,0,61,1,3,30,90,3,"(45, 65]"
444,445,2023-01-22,CUST445,0,53,0,1,300,300,1,"(45, 65]"
445,446,2023-06-07,CUST446,1,21,0,1,50,50,6,"(18, 25]"
446,447,2023-07-06,CUST447,1,22,2,4,500,2000,7,"(18, 25]"
447,448,2023-01-21,CUST448,0,54,2,2,30,60,1,"(45, 65]"
448,449,2023-07-03,CUST449,1,25,0,4,50,200,7,"(18, 25]"
449,450,2023-04-18,CUST450,0,59,2,2,25,50,4,"(45, 65]"
450,451,2023-12-16,CUST451,0,45,0,1,30,30,12,"(35, 45]"
451,452,2023-05-08,CUST452,0,48,1,3,500,1500,5,"(45, 65]"
452,453,2023-12-08,CUST453,0,26,1,2,500,1000,12,"(25, 35]"
453,454,2023-02-22,CUST454,0,46,2,1,25,25,2,"(45, 65]"
454,455,2023-07-01,CUST455,1,31,0,4,25,100,7,"(25, 35]"
455,456,2023-10-14,CUST456,1,57,0,2,30,60,10,"(45, 65]"
456,457,2023-07-28,CUST457,0,58,2,3,300,900,7,"(45, 65]"
457,458,2023-11-14,CUST458,0,39,0,4,25,100,11,"(35, 45]"
458,459,2023-03-21,CUST459,1,28,1,4,300,1200,3,"(25, 35]"
459,460,2023-05-02,CUST460,1,40,2,1,50,50,5,"(35, 45]"
460,461,2023-03-25,CUST461,0,18,2,2,500,1000,3,
461,462,2023-04-01,CUST462,1,63,0,4,300,1200,4,"(45, 65]"
462,463,2023-07-31,CUST463,0,54,2,3,500,1500,7,"(45, 65]"
463,464,2023-01-13,CUST464,1,38,0,2,300,600,1,"(35, 45]"
464,465,2023-04-02,CUST465,0,43,0,3,50,150,4,"(35, 45]"
465,466,2023-06-20,CUST466,1,63,0,4,25,100,6,"(45, 65]"
466,467,2023-07-30,CUST467,0,53,0,3,50,150,7,"(45, 65]"
467,468,2023-12-09,CUST468,1,40,0,1,25,25,12,"(35, 45]"
468,469,2023-05-08,CUST469,1,18,2,3,25,75,5,
469,470,2023-05-17,CUST470,0,57,1,2,500,1000,5,"(45, 65]"
470,471,2023-03-23,CUST471,1,32,1,3,50,150,3,"(25, 35]"
471,472,2023-12-26,CUST472,0,38,2,3,300,900,12,"(35, 45]"
472,473,2023-02-25,CUST473,1,64,2,1,50,50,2,"(45, 65]"
473,474,2023-07-15,CUST474,0,26,1,3,500,1500,7,"(25, 35]"
474,475,2023-01-20,CUST475,1,26,1,3,25,75,1,"(25, 35]"
475,476,2023-08-29,CUST476,0,27,1,4,500,2000,8,"(25, 35]"
476,477,2023-04-24,CUST477,1,43,1,4,30,120,4,"(35, 45]"
477,478,2023-04-13,CUST478,0,58,1,2,30,60,4,"(45, 65]"
478,479,2023-08-24,CUST479,1,52,0,4,300,1200,8,"(45, 65]"
479,480,2023-06-29,CUST480,0,42,2,4,500,2000,6,"(35, 45]"
480,481,2023-06-06,CUST481,0,43,0,4,300,1200,6,"(35, 45]"
481,482,2023-04-27,CUST482,0,28,1,4,300,1200,4,"(25, 35]"
482,483,2023-04-25,CUST483,1,55,1,1,30,30,4,"(45, 65]"
483,484,2023-01-13,CUST484,0,19,1,4,300,1200,1,"(18, 25]"
484,485,2023-12-04,CUST485,1,24,0,1,30,30,12,"(18, 25]"
485,486,2023-04-09,CUST486,0,35,0,1,25,25,4,"(25, 35]"
486,487,2023-07-24,CUST487,1,44,1,4,500,2000,7,"(35, 45]"
487,488,2023-06-18,CUST488,0,51,0,3,300,900,6,"(45, 65]"
488,489,2023-05-23,CUST489,1,44,0,1,30,30,5,"(35, 45]"
489,490,2023-02-05,CUST490,1,34,1,3,50,150,2,"(25, 35]"
490,491,2023-05-23,CUST491,0,60,0,3,300,900,5,"(45, 65]"
491,492,2023-06-29,CUST492,1,61,2,4,25,100,6,"(45, 65]"
492,493,2023-11-25,CUST493,1,41,2,2,25,50,11,"(35, 45]"
493,494,2023-09-18,CUST494,0,42,2,4,50,200,9,"(35, 45]"
494,495,2023-07-24,CUST495,1,24,2,2,30,60,7,"(18, 25]"
495,496,2023-12-14,CUST496,1,23,1,2,300,600,12,"(18, 25]"
496,497,2023-10-02,CUST497,1,41,1,4,30,120,10,"(35, 45]"
497,498,2023-06-19,CUST498,0,50,1,4,25,100,6,"(45, 65]"
498,499,2023-01-15,CUST499,1,46,2,2,30,60,1,"(45, 65]"
499,500,2023-03-01,CUST500,0,60,2,4,25,100,3,"(45, 65]"
500,501,2023-05-14,CUST501,1,39,0,2,30,60,5,"(35, 45]"
501,502,2023-04-02,CUST502,1,43,0,3,50,150,4,"(35, 45]"
502,503,2023-10-25,CUST503,1,45,2,4,500,2000,10,"(35, 45]"
503,504,2023-05-16,CUST504,0,38,2,3,50,150,5,"(35, 45]"
504,505,2023-01-20,CUST505,1,24,2,1,50,50,1,"(18, 25]"
505,506,2023-02-25,CUST506,1,34,2,3,500,1500,2,"(25, 35]"
506,507,2023-11-02,CUST507,0,37,0,3,500,1500,11,"(35, 45]"
507,508,2023-08-11,CUST508,1,58,2,2,300,600,8,"(45, 65]"
508,509,2023-06-26,CUST509,0,37,0,3,300,900,6,"(35, 45]"
509,510,2023-06-10,CUST510,0,39,2,4,50,200,6,"(35, 45]"
510,511,2023-08-12,CUST511,1,45,2,2,50,100,8,"(35, 45]"
511,512,2023-11-07,CUST512,0,57,2,1,25,25,11,"(45, 65]"
512,513,2023-09-19,CUST513,1,24,0,4,25,100,9,"(18, 25]"
513,514,2023-03-01,CUST514,0,18,0,1,300,300,3,
514,515,2023-07-17,CUST515,0,49,1,3,300,900,7,"(45, 65]"
515,516,2023-10-23,CUST516,1,30,2,4,25,100,10,"(25, 35]"
516,517,2023-04-08,CUST517,0,47,1,4,25,100,4,"(45, 65]"
517,518,2023-05-11,CUST518,0,40,1,1,30,30,5,"(35, 45]"
518,519,2023-01-23,CUST519,0,36,0,4,30,120,1,"(35, 45]"
519,520,2023-12-29,CUST520,0,49,0,4,25,100,12,"(45, 65]"
520,521,2023-08-12,CUST521,0,47,1,4,30,120,8,"(45, 65]"
521,522,2023-01-01,CUST522,1,46,2,3,500,1500,1,"(45, 65]"
522,523,2023-09-24,CUST523,0,62,0,1,300,300,9,"(45, 65]"
523,524,2023-10-03,CUST524,1,46,2,4,300,1200,10,"(45, 65]"
524,525,2023-12-18,CUST525,0,47,2,2,25,50,12,"(45, 65]"
525,526,2023-12-10,CUST526,1,33,1,2,50,100,12,"(25, 35]"
526,527,2023-04-11,CUST527,1,57,1,2,25,50,4,"(45, 65]"
527,528,2023-07-06,CUST528,0,36,1,2,30,60,7,"(35, 45]"
528,529,2023-08-09,CUST529,0,35,1,3,50,150,8,"(25, 35]"
529,530,2023-02-05,CUST530,0,18,0,4,30,120,2,
530,531,2023-12-07,CUST531,1,31,0,1,500,500,12,"(25, 35]"
531,532,2023-06-19,CUST532,0,64,1,4,30,120,6,"(45, 65]"
532,533,2023-11-16,CUST533,1,19,0,3,500,1500,11,"(18, 25]"
533,534,2023-06-10,CUST534,1,45,1,2,500,1000,6,"(35, 45]"
534,535,2023-12-06,CUST535,1,47,2,3,30,90,12,"(45, 65]"
535,536,2023-03-05,CUST536,0,55,2,4,30,120,3,"(45, 65]"
536,537,2023-06-03,CUST537,0,21,2,1,500,500,6,"(18, 25]"
537,538,2023-09-17,CUST538,1,18,1,3,50,150,9,
538,539,2023-06-08,CUST539,1,25,2,1,500,500,6,"(18, 25]"
539,540,2023-12-08,CUST540,0,46,0,3,300,900,12,"(45, 65]"
540,541,2023-07-29,CUST541,1,56,2,1,500,500,7,"(45, 65]"
541,542,2023-06-17,CUST542,0,20,2,1,50,50,6,"(18, 25]"
542,543,2023-07-26,CUST543,1,49,2,2,300,600,7,"(45, 65]"
543,544,2023-12-23,CUST544,0,27,0,1,25,25,12,"(25, 35]"
544,545,2023-06-01,CUST545,1,27,1,2,25,50,6,"(25, 35]"
545,546,2023-10-11,CUST546,0,36,0,4,50,200,10,"(35, 45]"
546,547,2023-03-07,CUST547,1,63,1,4,500,2000,3,"(45, 65]"
547,548,2023-04-09,CUST548,0,51,1,2,30,60,4,"(45, 65]"
548,549,2023-08-04,CUST549,0,50,2,2,50,100,8,"(45, 65]"
549,550,2023-12-07,CUST550,1,40,1,3,300,900,12,"(35, 45]"
550,551,2023-07-14,CUST551,1,45,0,3,300,900,7,"(35, 45]"
551,552,2023-12-13,CUST552,0,49,0,3,25,75,12,"(45, 65]"
552,553,2023-03-31,CUST553,1,24,1,4,300,1200,3,"(18, 25]"
553,554,2023-11-12,CUST554,0,46,2,3,50,150,11,"(45, 65]"
554,555,2023-10-19,CUST555,1,25,2,1,300,300,10,"(18, 25]"
555,556,2023-06-04,CUST556,0,18,0,1,50,50,6,
556,557,2023-07-27,CUST557,0,20,2,3,30,90,7,"(18, 25]"
557,558,2023-10-08,CUST558,0,41,1,1,25,25,10,"(35, 45]"
558,559,2023-01-01,CUST559,0,40,1,4,300,1200,1,"(35, 45]"
559,560,2023-06-05,CUST560,0,25,0,1,50,50,6,"(18, 25]"
560,561,2023-05-27,CUST561,0,64,1,4,500,2000,5,"(45, 65]"
561,562,2023-04-18,CUST562,1,54,0,2,25,50,4,"(45, 65]"
562,563,2023-08-09,CUST563,1,20,1,2,30,60,8,"(18, 25]"
563,564,2023-10-24,CUST564,1,50,0,2,50,100,10,"(45, 65]"
564,565,2023-11-07,CUST565,0,45,2,2,30,60,11,"(35, 45]"
565,566,2023-12-02,CUST566,0,64,1,1,30,30,12,"(45, 65]"
566,567,2023-06-14,CUST567,0,25,1,3,300,900,6,"(18, 25]"
567,568,2023-08-27,CUST568,0,51,0,1,300,300,8,"(45, 65]"
568,569,2023-08-15,CUST569,1,52,0,4,50,200,8,"(45, 65]"
569,570,2023-08-15,CUST570,1,49,1,1,500,500,8,"(45, 65]"
570,571,2023-12-12,CUST571,0,41,0,1,50,50,12,"(35, 45]"
571,572,2023-04-20,CUST572,1,31,1,4,500,2000,4,"(25, 35]"
572,573,2023-09-19,CUST573,1,49,2,2,30,60,9,"(45, 65]"
573,574,2023-08-31,CUST574,0,63,0,2,25,50,8,"(45, 65]"
574,575,2023-03-28,CUST575,1,60,1,2,50,100,3,"(45, 65]"
575,576,2023-12-04,CUST576,0,33,2,3,50,150,12,"(25, 35]"
576,577,2023-02-13,CUST577,1,21,2,4,500,2000,2,"(18, 25]"
577,578,2023-05-26,CUST578,0,54,1,4,30,120,5,"(45, 65]"
578,579,2023-09-21,CUST579,0,38,0,1,30,30,9,"(35, 45]"
579,580,2023-12-06,CUST580,0,31,1,3,500,1500,12,"(25, 35]"
580,581,2023-11-21,CUST581,0,48,2,2,30,60,11,"(45, 65]"
581,582,2023-11-14,CUST582,1,35,1,3,300,900,11,"(25, 35]"
582,583,2023-06-21,CUST583,0,24,0,4,25,100,6,"(18, 25]"
583,584,2023-02-17,CUST584,0,27,2,4,50,200,2,"(25, 35]"
584,585,2023-05-01,CUST585,0,24,1,1,25,25,5,"(18, 25]"
585,586,2023-12-11,CUST586,1,50,0,1,50,50,12,"(45, 65]"
586,587,2023-06-08,CUST587,0,40,2,4,300,1200,6,"(35, 45]"
587,588,2023-04-26,CUST588,1,38,0,2,30,60,4,"(35, 45]"
588,589,2023-04-12,CUST589,0,36,2,2,500,1000,4,"(35, 45]"
589,590,2023-03-17,CUST590,1,36,1,3,300,900,3,"(35, 45]"
590,591,2023-01-13,CUST591,1,53,0,4,25,100,1,"(45, 65]"
591,592,2023-01-24,CUST592,0,46,2,4,500,2000,1,"(45, 65]"
592,593,2023-05-06,CUST593,1,35,0,2,30,60,5,"(25, 35]"
593,594,2023-09-01,CUST594,0,19,0,2,300,600,9,"(18, 25]"
594,595,2023-11-09,CUST595,0,18,1,4,500,2000,11,
595,596,2023-02-07,CUST596,0,64,0,1,300,300,2,"(45, 65]"
596,597,2023-08-22,CUST597,1,22,2,4,300,1200,8,"(18, 25]"
597,598,2023-08-01,CUST598,1,37,2,4,30,120,8,"(35, 45]"
598,599,2023-11-19,CUST599,0,28,2,2,50,100,11,"(25, 35]"
599,600,2023-10-22,CUST600,0,59,2,2,500,1000,10,"(45, 65]"
600,601,2023-04-10,CUST601,1,19,1,1,30,30,4,"(18, 25]"
601,602,2023-12-23,CUST602,0,20,0,1,300,300,12,"(18, 25]"
602,603,2023-07-16,CUST603,0,40,1,3,30,90,7,"(35, 45]"
603,604,2023-09-11,CUST604,0,29,0,4,50,200,9,"(25, 35]"
604,605,2023-07-24,CUST605,1,37,0,2,500,1000,7,"(35, 45]"
605,606,2023-05-05,CUST606,1,22,0,1,50,50,5,"(18, 25]"
606,607,2023-03-17,CUST607,1,54,1,3,25,75,3,"(45, 65]"
607,608,2023-12-02,CUST608,0,55,0,3,500,1500,12,"(45, 65]"
608,609,2023-12-19,CUST609,0,47,1,2,50,100,12,"(45, 65]"
609,610,2023-01-03,CUST610,0,26,2,2,300,600,1,"(25, 35]"
610,611,2023-02-24,CUST611,1,51,2,3,500,1500,2,"(45, 65]"
611,612,2023-08-06,CUST612,0,61,0,1,500,500,8,"(45, 65]"
612,613,2023-04-23,CUST613,0,52,1,3,30,90,4,"(45, 65]"
613,614,2023-04-01,CUST614,0,39,2,4,300,1200,4,"(35, 45]"
614,615,2023-12-23,CUST615,0,61,1,4,25,100,12,"(45, 65]"
615,616,2023-09-23,CUST616,1,41,1,2,50,100,9,"(35, 45]"
616,617,2023-08-26,CUST617,1,34,0,1,30,30,8,"(25, 35]"
617,618,2023-01-26,CUST618,0,27,2,1,50,50,1,"(25, 35]"
618,619,2023-10-13,CUST619,1,47,0,4,25,100,10,"(45, 65]"
619,620,2023-05-08,CUST620,1,63,0,3,25,75,5,"(45, 65]"
620,621,2023-03-04,CUST621,0,40,2,2,500,1000,3,"(35, 45]"
621,622,2023-08-22,CUST622,0,49,2,3,25,75,8,"(45, 65]"
622,623,2023-03-10,CUST623,1,34,1,3,50,150,3,"(25, 35]"
623,624,2023-08-26,CUST624,0,34,2,3,300,900,8,"(25, 35]"
624,625,2023-12-08,CUST625,1,31,1,1,300,300,12,"(25, 35]"
625,626,2023-09-29,CUST626,0,26,1,4,500,2000,9,"(25, 35]"
626,627,2023-10-14,CUST627,1,57,1,1,50,50,10,"(45, 65]"
627,628,2023-11-01,CUST628,0,19,2,4,50,200,11,"(18, 25]"
628,629,2023-06-12,CUST629,1,62,0,2,25,50,6,"(45, 65]"
629,630,2023-08-15,CUST630,1,42,1,2,50,100,8,"(35, 45]"
630,631,2023-11-10,CUST631,1,56,0,3,30,90,11,"(45, 65]"
631,632,2023-09-16,CUST632,0,26,0,4,25,100,9,"(25, 35]"
632,633,2023-08-07,CUST633,1,39,2,4,30,120,8,"(35, 45]"
633,634,2023-10-08,CUST634,1,60,0,4,500,2000,10,"(45, 65]"
634,635,2023-08-17,CUST635,0,63,0,3,300,900,8,"(45, 65]"
635,636,2023-03-23,CUST636,0,21,2,3,500,1500,3,"(18, 25]"
636,637,2023-09-01,CUST637,1,43,1,2,300,600,9,"(35, 45]"
637,638,2023-08-19,CUST638,1,46,0,1,500,500,8,"(45, 65]"
638,639,2023-05-13,CUST639,0,62,2,4,50,200,5,"(45, 65]"
639,640,2023-05-07,CUST640,0,51,0,4,30,120,5,"(45, 65]"
640,641,2023-11-23,CUST641,0,40,0,1,300,300,11,"(35, 45]"
641,642,2023-05-22,CUST642,0,54,1,4,25,100,5,"(45, 65]"
642,643,2023-09-24,CUST643,0,28,0,3,30,90,9,"(25, 35]"
643,644,2023-09-06,CUST644,1,23,2,3,25,75,9,"(18, 25]"
644,645,2023-11-17,CUST645,0,35,0,4,30,120,11,"(25, 35]"
645,646,2023-05-03,CUST646,1,38,1,3,30,90,5,"(35, 45]"
646,647,2023-05-21,CUST647,1,59,1,3,500,1500,5,"(45, 65]"
647,648,2023-08-14,CUST648,1,53,2,4,300,1200,8,"(45, 65]"
648,649,2023-02-09,CUST649,0,58,1,2,300,600,2,"(45, 65]"
649,650,2024-01-01,CUST650,1,55,0,1,30,30,1,"(45, 65]"
650,651,2023-05-27,CUST651,1,51,1,3,50,150,5,"(45, 65]"
651,652,2023-05-01,CUST652,0,34,2,2,50,100,5,"(25, 35]"
652,653,2023-05-20,CUST653,1,54,1,3,25,75,5,"(45, 65]"
653,654,2023-06-21,CUST654,1,42,1,3,25,75,6,"(35, 45]"
654,655,2023-06-13,CUST655,0,55,1,1,500,500,6,"(45, 65]"
655,656,2023-10-04,CUST656,1,29,2,3,30,90,10,"(25, 35]"
656,657,2023-02-11,CUST657,1,40,1,1,25,25,2,"(35, 45]"
657,658,2023-03-12,CUST658,1,59,1,1,25,25,3,"(45, 65]"
658,659,2023-03-19,CUST659,0,39,0,1,30,30,3,"(35, 45]"
659,660,2023-04-29,CUST660,0,38,2,2,500,1000,4,"(35, 45]"
660,661,2023-07-16,CUST661,0,44,1,4,25,100,7,"(35, 45]"
661,662,2023-12-22,CUST662,1,48,2,2,500,1000,12,"(45, 65]"
662,663,2023-03-20,CUST663,1,23,1,4,300,1200,3,"(18, 25]"
663,664,2023-12-28,CUST664,0,44,1,4,500,2000,12,"(35, 45]"
664,665,2023-04-20,CUST665,1,57,1,1,50,50,4,"(45, 65]"
665,666,2023-02-02,CUST666,1,51,0,3,50,150,2,"(45, 65]"
666,667,2023-08-01,CUST667,0,29,0,1,500,500,8,"(25, 35]"
667,668,2023-07-28,CUST668,0,62,0,3,50,150,7,"(45, 65]"
668,669,2023-06-19,CUST669,1,24,2,4,300,1200,6,"(18, 25]"
669,670,2023-10-05,CUST670,1,27,2,1,30,30,10,"(25, 35]"
670,671,2023-08-27,CUST671,1,62,0,3,50,150,8,"(45, 65]"
671,672,2023-08-01,CUST672,0,34,2,2,50,100,8,"(25, 35]"
672,673,2023-02-01,CUST673,0,43,1,3,500,1500,2,"(35, 45]"
673,674,2023-04-16,CUST674,0,38,1,1,300,300,4,"(35, 45]"
674,675,2023-08-04,CUST675,0,45,1,2,30,60,8,"(35, 45]"
675,676,2023-07-19,CUST676,1,63,0,3,500,1500,7,"(45, 65]"
676,677,2023-10-27,CUST677,0,19,2,3,500,1500,10,"(18, 25]"
677,678,2023-12-23,CUST678,0,60,0,3,300,900,12,"(45, 65]"
678,679,2023-01-11,CUST679,0,18,2,3,30,90,1,
679,680,2023-10-22,CUST680,0,53,1,3,300,900,10,"(45, 65]"
680,681,2023-07-14,CUST681,0,43,0,2,30,60,7,"(35, 45]"
681,682,2023-09-02,CUST682,1,46,2,4,300,1200,9,"(45, 65]"
682,683,2023-01-04,CUST683,1,38,2,2,500,1000,1,"(35, 45]"
683,684,2023-06-30,CUST684,0,28,1,2,500,1000,6,"(25, 35]"
684,685,2023-06-02,CUST685,1,57,0,2,25,50,6,"(45, 65]"
685,686,2023-07-19,CUST686,0,28,0,4,50,200,7,"(25, 35]"
686,687,2023-08-03,CUST687,0,53,0,1,300,300,8,"(45, 65]"
687,688,2023-10-03,CUST688,1,56,1,4,25,100,10,"(45, 65]"
688,689,2023-10-07,CUST689,1,57,0,2,50,100,10,"(45, 65]"
689,690,2023-11-05,CUST690,0,52,1,3,300,900,11,"(45, 65]"
690,691,2023-04-23,CUST691,0,51,1,3,30,90,4,"(45, 65]"
691,692,2023-09-07,CUST692,0,64,1,2,50,100,9,"(45, 65]"
692,693,2023-04-23,CUST693,1,41,2,3,500,1500,4,"(35, 45]"
693,694,2023-05-20,CUST694,0,39,0,2,25,50,5,"(35, 45]"
694,695,2023-08-12,CUST695,0,22,0,3,50,150,8,"(18, 25]"
695,696,2023-09-06,CUST696,0,50,1,4,50,200,9,"(45, 65]"
696,697,2023-01-15,CUST697,1,53,1,1,500,500,1,"(45, 65]"
697,698,2023-07-19,CUST698,0,64,0,1,300,300,7,"(45, 65]"
698,699,2023-06-22,CUST699,0,37,1,4,30,120,6,"(35, 45]"
699,700,2023-12-09,CUST700,1,36,0,4,500,2000,12,"(35, 45]"
700,701,2023-12-14,CUST701,0,52,2,2,30,60,12,"(45, 65]"
701,702,2023-07-27,CUST702,0,60,1,2,300,600,7,"(45, 65]"
702,703,2023-03-26,CUST703,1,34,0,2,50,100,3,"(25, 35]"
703,704,2023-08-28,CUST704,0,62,1,3,30,90,8,"(45, 65]"
704,705,2023-03-07,CUST705,1,60,0,2,25,50,3,"(45, 65]"
705,706,2023-11-15,CUST706,1,51,0,4,25,100,11,"(45, 65]"
706,707,2023-10-01,CUST707,0,26,1,1,500,500,10,"(25, 35]"
707,708,2023-01-14,CUST708,0,43,2,3,300,900,1,"(35, 45]"
708,709,2023-07-21,CUST709,0,19,0,2,500,1000,7,"(18, 25]"
709,710,2023-10-31,CUST710,0,26,0,3,500,1500,10,"(25, 35]"
710,711,2023-10-16,CUST711,1,26,0,3,500,1500,10,"(25, 35]"
711,712,2023-12-06,CUST712,0,57,2,2,25,50,12,"(45, 65]"
712,713,2023-01-14,CUST713,1,34,2,3,25,75,1,"(25, 35]"
713,714,2023-02-12,CUST714,0,18,1,1,500,500,2,
714,715,2023-11-26,CUST715,0,42,2,4,25,100,11,"(35, 45]"
715,716,2023-08-08,CUST716,0,60,1,4,300,1200,8,"(45, 65]"
716,717,2023-03-11,CUST717,1,57,1,1,500,500,3,"(45, 65]"
717,718,2023-08-25,CUST718,0,59,2,3,25,75,8,"(45, 65]"
718,719,2023-04-04,CUST719,0,42,1,2,30,60,4,"(35, 45]"
719,720,2023-01-26,CUST720,0,56,2,3,500,1500,1,"(45, 65]"
720,721,2023-05-14,CUST721,0,52,1,1,500,500,5,"(45, 65]"
721,722,2023-07-14,CUST722,1,20,2,3,300,900,7,"(18, 25]"
722,723,2023-06-17,CUST723,0,54,2,4,50,200,6,"(45, 65]"
723,724,2023-04-19,CUST724,1,61,1,3,50,150,4,"(45, 65]"
724,725,2023-08-21,CUST725,1,61,0,1,300,300,8,"(45, 65]"
725,726,2023-06-17,CUST726,1,47,1,4,300,1200,6,"(45, 65]"
726,727,2023-06-22,CUST727,1,55,2,3,300,900,6,"(45, 65]"
727,728,2023-07-14,CUST728,1,51,0,3,50,150,7,"(45, 65]"
728,729,2023-05-23,CUST729,1,29,1,4,300,1200,5,"(25, 35]"
729,730,2023-08-04,CUST730,0,36,1,2,25,50,8,"(35, 45]"
730,731,2023-05-10,CUST731,1,54,1,4,500,2000,5,"(45, 65]"
731,732,2023-02-11,CUST732,1,61,0,2,500,1000,2,"(45, 65]"
732,733,2023-08-29,CUST733,1,34,2,1,30,30,8,"(25, 35]"
733,734,2023-01-10,CUST734,0,27,1,1,30,30,1,"(25, 35]"
734,735,2023-10-04,CUST735,0,64,1,4,500,2000,10,"(45, 65]"
735,736,2023-01-27,CUST736,1,29,1,4,25,100,1,"(25, 35]"
736,737,2023-06-29,CUST737,0,33,1,1,50,50,6,"(25, 35]"
737,738,2023-04-25,CUST738,1,41,1,2,50,100,4,"(35, 45]"
738,739,2023-11-29,CUST739,1,36,2,1,25,25,11,"(35, 45]"
739,740,2023-02-05,CUST740,0,25,2,4,50,200,2,"(18, 25]"
740,741,2023-11-30,CUST741,1,48,1,1,300,300,11,"(45, 65]"
741,742,2023-01-21,CUST742,0,38,0,4,500,2000,1,"(35, 45]"
742,743,2023-01-16,CUST743,0,34,2,4,500,2000,1,"(25, 35]"
743,744,2023-05-07,CUST744,1,40,0,1,25,25,5,"(35, 45]"
744,745,2023-04-13,CUST745,1,54,2,2,50,100,4,"(45, 65]"
745,746,2023-01-11,CUST746,0,33,1,3,30,90,1,"(25, 35]"
746,747,2023-11-15,CUST747,1,23,2,1,30,30,11,"(18, 25]"
747,748,2023-03-20,CUST748,1,25,1,3,50,150,3,"(18, 25]"
748,749,2023-05-03,CUST749,1,42,2,1,30,30,5,"(35, 45]"
749,750,2023-03-06,CUST750,0,35,1,3,25,75,3,"(25, 35]"
750,751,2023-08-31,CUST751,0,42,1,2,25,50,8,"(35, 45]"
751,752,2023-12-09,CUST752,1,29,1,2,50,100,12,"(25, 35]"
752,753,2023-02-28,CUST753,0,32,1,1,30,30,2,"(25, 35]"
753,754,2023-10-16,CUST754,0,43,0,4,25,100,10,"(35, 45]"
754,755,2023-04-22,CUST755,0,58,1,3,25,75,4,"(45, 65]"
755,756,2023-08-27,CUST756,0,62,0,4,300,1200,8,"(45, 65]"
756,757,2023-12-25,CUST757,0,43,0,4,300,1200,12,"(35, 45]"
757,758,2023-05-12,CUST758,1,64,1,4,25,100,5,"(45, 65]"
758,759,2023-07-08,CUST759,1,49,0,2,50,100,7,"(45, 65]"
759,760,2023-03-27,CUST760,1,27,2,1,500,500,3,"(25, 35]"
760,761,2023-11-07,CUST761,0,33,1,1,500,500,11,"(25, 35]"
761,762,2023-11-07,CUST762,0,24,0,2,25,50,11,"(18, 25]"
762,763,2023-02-28,CUST763,1,34,1,2,25,50,2,"(25, 35]"
763,764,2023-03-25,CUST764,0,40,1,1,25,25,3,"(35, 45]"
764,765,2023-06-09,CUST765,1,43,1,4,50,200,6,"(35, 45]"
765,766,2023-02-25,CUST766,1,38,0,3,300,900,2,"(35, 45]"
766,767,2023-10-24,CUST767,1,39,2,3,25,75,10,"(35, 45]"
767,768,2023-01-14,CUST768,0,24,2,3,25,75,1,"(18, 25]"
768,769,2023-06-09,CUST769,0,31,0,4,30,120,6,"(25, 35]"
769,770,2023-10-22,CUST770,1,32,1,1,50,50,10,"(25, 35]"
770,771,2023-12-13,CUST771,1,24,0,2,25,50,12,"(18, 25]"
771,772,2023-07-12,CUST772,1,26,0,1,30,30,7,"(25, 35]"
772,773,2023-07-23,CUST773,1,25,0,4,500,2000,7,"(18, 25]"
773,774,2023-04-12,CUST774,0,40,1,2,25,50,4,"(35, 45]"
774,775,2023-02-08,CUST775,0,46,0,4,25,100,2,"(45, 65]"
775,776,2023-10-31,CUST776,1,35,1,3,30,90,10,"(25, 35]"
776,777,2023-12-20,CUST777,1,48,0,3,50,150,12,"(45, 65]"
777,778,2023-11-18,CUST778,0,47,2,4,25,100,11,"(45, 65]"
778,779,2023-05-05,CUST779,0,56,0,2,500,1000,5,"(45, 65]"
779,780,2023-02-22,CUST780,1,52,0,2,25,50,2,"(45, 65]"
780,781,2023-12-23,CUST781,1,35,2,1,500,500,12,"(25, 35]"
781,782,2023-06-04,CUST782,1,59,1,3,300,900,6,"(45, 65]"
782,783,2023-12-17,CUST783,0,56,1,1,300,300,12,"(45, 65]"
783,784,2023-11-04,CUST784,0,34,0,1,500,500,11,"(25, 35]"
784,785,2023-03-03,CUST785,0,31,2,4,50,200,3,"(25, 35]"
785,786,2023-10-17,CUST786,1,48,1,4,25,100,10,"(45, 65]"
786,787,2023-01-22,CUST787,1,41,0,1,25,25,1,"(35, 45]"
787,788,2023-06-27,CUST788,0,52,2,3,300,900,6,"(45, 65]"
788,789,2023-09-30,CUST789,0,61,1,4,500,2000,9,"(45, 65]"
789,790,2023-08-08,CUST790,1,62,1,1,25,25,8,"(45, 65]"
790,791,2023-12-05,CUST791,0,51,2,1,25,25,12,"(45, 65]"
791,792,2023-07-09,CUST792,0,20,2,1,50,50,7,"(18, 25]"
792,793,2023-02-05,CUST793,1,54,2,1,30,30,2,"(45, 65]"
793,794,2023-09-17,CUST794,0,60,2,1,300,300,9,"(45, 65]"
794,795,2023-11-28,CUST795,1,57,0,1,300,300,11,"(45, 65]"
795,796,2023-06-24,CUST796,1,43,2,4,30,120,6,"(35, 45]"
796,797,2023-01-07,CUST797,1,40,1,3,25,75,1,"(35, 45]"
797,798,2023-08-04,CUST798,1,61,1,1,50,50,8,"(45, 65]"
798,799,2023-09-08,CUST799,1,56,0,2,50,100,9,"(45, 65]"
799,800,2023-02-24,CUST800,1,32,1,4,300,1200,2,"(25, 35]"
800,801,2023-08-10,CUST801,1,21,1,4,50,200,8,"(18, 25]"
801,802,2023-07-05,CUST802,0,46,2,1,30,30,7,"(45, 65]"
802,803,2023-11-22,CUST803,1,39,1,4,25,100,11,"(35, 45]"
803,804,2023-08-24,CUST804,1,42,0,1,30,30,8,"(35, 45]"
804,805,2023-12-29,CUST805,0,30,2,3,500,1500,12,"(25, 35]"
805,806,2023-03-20,CUST806,0,35,2,3,300,900,3,"(25, 35]"
806,807,2023-08-11,CUST807,0,50,0,4,50,200,8,"(45, 65]"
807,808,2023-04-01,CUST808,1,33,2,4,500,2000,4,"(25, 35]"
808,809,2023-09-25,CUST809,0,62,2,2,50,100,9,"(45, 65]"
809,810,2023-11-30,CUST810,1,59,0,4,25,100,11,"(45, 65]"
810,811,2023-05-19,CUST811,1,61,2,2,25,50,5,"(45, 65]"
811,812,2023-11-12,CUST812,1,19,0,3,25,75,11,"(18, 25]"
812,813,2023-10-03,CUST813,1,52,0,3,50,150,10,"(45, 65]"
813,814,2023-09-05,CUST814,0,59,1,1,500,500,9,"(45, 65]"
814,815,2023-08-27,CUST815,0,51,1,3,25,75,8,"(45, 65]"
815,816,2023-08-12,CUST816,1,47,2,2,500,1000,8,"(45, 65]"
816,817,2023-10-31,CUST817,1,30,2,4,50,200,10,"(25, 35]"
817,818,2023-05-18,CUST818,1,30,0,1,500,500,5,"(25, 35]"
818,819,2023-06-15,CUST819,0,35,2,2,50,100,6,"(25, 35]"
819,820,2023-05-06,CUST820,1,49,0,4,50,200,5,"(45, 65]"
820,821,2023-02-14,CUST821,1,49,0,1,300,300,2,"(45, 65]"
821,822,2023-05-23,CUST822,0,52,2,3,50,150,5,"(45, 65]"
822,823,2023-08-19,CUST823,0,56,0,2,50,100,8,"(45, 65]"
823,824,2023-05-05,CUST824,1,63,1,4,30,120,5,"(45, 65]"
824,825,2023-08-26,CUST825,0,46,2,1,25,25,8,"(45, 65]"
825,826,2023-10-19,CUST826,0,46,1,1,300,300,10,"(45, 65]"
826,827,2023-11-09,CUST827,1,61,2,3,300,900,11,"(45, 65]"
827,828,2023-12-09,CUST828,0,33,0,4,300,1200,12,"(25, 35]"
828,829,2023-07-14,CUST829,1,61,2,3,30,90,7,"(45, 65]"
829,830,2023-06-22,CUST830,0,64,1,3,50,150,6,"(45, 65]"
830,831,2023-01-15,CUST831,1,27,0,4,25,100,1,"(25, 35]"
831,832,2023-09-11,CUST832,1,47,2,4,500,2000,9,"(45, 65]"
832,833,2023-06-16,CUST833,1,42,2,4,50,200,6,"(35, 45]"
833,834,2023-04-04,CUST834,0,56,2,2,30,60,4,"(45, 65]"
834,835,2023-09-07,CUST835,1,37,1,4,50,200,9,"(35, 45]"
835,836,2023-04-19,CUST836,0,22,1,1,50,50,4,"(18, 25]"
836,837,2023-07-01,CUST837,1,18,2,3,30,90,7,
837,838,2023-05-13,CUST838,1,47,0,2,300,600,5,"(45, 65]"
838,839,2023-06-24,CUST839,0,20,0,4,300,1200,6,"(18, 25]"
839,840,2023-05-24,CUST840,1,62,1,2,25,50,5,"(45, 65]"
840,841,2023-11-02,CUST841,1,31,0,4,25,100,11,"(25, 35]"
841,842,2023-12-26,CUST842,0,47,1,2,300,600,12,"(45, 65]"
842,843,2023-05-22,CUST843,1,21,2,3,500,1500,5,"(18, 25]"
843,844,2023-10-12,CUST844,1,35,1,3,50,150,10,"(25, 35]"
844,845,2023-01-06,CUST845,1,54,1,1,500,500,1,"(45, 65]"
845,846,2023-09-22,CUST846,1,42,2,1,50,50,9,"(35, 45]"
846,847,2023-04-08,CUST847,0,18,0,4,300,1200,4,
847,848,2023-02-13,CUST848,0,63,1,3,25,75,2,"(45, 65]"
848,849,2023-05-04,CUST849,1,32,1,2,25,50,5,"(25, 35]"
849,850,2023-07-28,CUST850,0,26,2,2,500,1000,7,"(25, 35]"
850,851,2023-09-08,CUST851,1,32,0,2,25,50,9,"(25, 35]"
851,852,2023-10-12,CUST852,0,41,1,1,300,300,10,"(35, 45]"
852,853,2023-05-04,CUST853,1,21,2,2,500,1000,5,"(18, 25]"
853,854,2023-12-20,CUST854,1,29,1,1,50,50,12,"(25, 35]"
854,855,2023-09-01,CUST855,1,54,2,1,25,25,9,"(45, 65]"
855,856,2023-11-27,CUST856,1,54,0,4,30,120,11,"(45, 65]"
856,857,2023-12-31,CUST857,1,60,0,2,25,50,12,"(45, 65]"
857,858,2023-09-09,CUST858,1,23,0,2,50,100,9,"(18, 25]"
858,859,2023-08-18,CUST859,0,56,0,3,500,1500,8,"(45, 65]"
859,860,2023-01-09,CUST860,1,63,1,4,50,200,1,"(45, 65]"
860,861,2023-02-17,CUST861,0,41,1,3,30,90,2,"(35, 45]"
861,862,2023-05-31,CUST862,1,28,0,4,300,1200,5,"(25, 35]"
862,863,2023-04-24,CUST863,0,30,0,2,25,50,4,"(25, 35]"
863,864,2023-07-27,CUST864,0,51,0,1,500,500,7,"(45, 65]"
864,865,2023-12-21,CUST865,0,42,1,1,300,300,12,"(35, 45]"
865,866,2023-05-05,CUST866,1,24,0,1,50,50,5,"(18, 25]"
866,867,2023-06-06,CUST867,1,21,0,1,500,500,6,"(18, 25]"
867,868,2023-12-06,CUST868,0,25,0,1,300,300,12,"(18, 25]"
868,869,2023-10-25,CUST869,1,37,2,3,500,1500,10,"(35, 45]"
869,870,2023-07-08,CUST870,0,46,0,4,30,120,7,"(45, 65]"
870,871,2023-08-31,CUST871,1,62,2,2,30,60,8,"(45, 65]"
871,872,2023-10-11,CUST872,0,63,2,3,25,75,10,"(45, 65]"
872,873,2023-09-29,CUST873,0,27,0,4,25,100,9,"(25, 35]"
873,874,2023-06-26,CUST874,1,60,2,1,30,30,6,"(45, 65]"
874,875,2023-08-06,CUST875,0,51,0,4,500,2000,8,"(45, 65]"
875,876,2023-10-09,CUST876,1,43,1,4,30,120,10,"(35, 45]"
876,877,2023-06-19,CUST877,0,58,1,1,25,25,6,"(45, 65]"
877,878,2023-06-30,CUST878,0,20,1,1,30,30,6,"(18, 25]"
878,879,2023-12-26,CUST879,1,23,1,1,30,30,12,"(18, 25]"
879,880,2023-08-21,CUST880,1,22,2,2,500,1000,8,"(18, 25]"
880,881,2023-05-19,CUST881,1,22,0,1,300,300,5,"(18, 25]"
881,882,2023-06-06,CUST882,0,64,0,2,25,50,6,"(45, 65]"
882,883,2023-05-09,CUST883,1,40,0,1,500,500,5,"(35, 45]"
883,884,2023-04-29,CUST884,0,26,1,2,30,60,4,"(25, 35]"
884,885,2023-03-03,CUST885,0,52,1,4,30,120,3,"(45, 65]"
885,886,2023-04-09,CUST886,1,37,0,3,300,900,4,"(35, 45]"
886,887,2023-06-11,CUST887,1,59,1,4,25,100,6,"(45, 65]"
887,888,2023-03-03,CUST888,0,52,0,4,25,100,3,"(45, 65]"
888,889,2023-10-02,CUST889,0,35,0,1,50,50,10,"(25, 35]"
889,890,2023-12-20,CUST890,1,34,0,2,25,50,12,"(25, 35]"
890,891,2023-04-05,CUST891,1,41,0,3,300,900,4,"(35, 45]"
891,892,2023-04-09,CUST892,1,20,0,1,50,50,4,"(18, 25]"
892,893,2023-04-21,CUST893,1,49,0,1,50,50,4,"(45, 65]"
893,894,2023-09-05,CUST894,1,52,0,1,30,30,9,"(45, 65]"
894,895,2023-05-22,CUST895,0,55,1,4,30,120,5,"(45, 65]"
895,896,2023-10-29,CUST896,0,30,0,2,25,50,10,"(25, 35]"
896,897,2023-09-26,CUST897,0,64,0,2,50,100,9,"(45, 65]"
897,898,2023-11-02,CUST898,0,42,1,3,30,90,11,"(35, 45]"
898,899,2023-05-25,CUST899,1,26,1,2,300,600,5,"(25, 35]"
899,900,2023-02-21,CUST900,1,21,1,2,30,60,2,"(18, 25]"
900,901,2023-04-10,CUST901,1,31,0,1,30,30,4,"(25, 35]"
901,902,2023-06-01,CUST902,0,54,2,1,50,50,6,"(45, 65]"
902,903,2023-04-27,CUST903,0,51,2,4,50,200,4,"(45, 65]"
903,904,2023-07-04,CUST904,1,28,1,1,500,500,7,"(25, 35]"
904,905,2023-04-02,CUST905,1,58,2,1,300,300,4,"(45, 65]"
905,906,2023-06-04,CUST906,0,20,1,1,50,50,6,"(18, 25]"
906,907,2023-01-08,CUST907,0,45,0,1,25,25,1,"(35, 45]"
907,908,2023-12-29,CUST908,1,46,2,4,300,1200,12,"(45, 65]"
908,909,2023-10-01,CUST909,1,26,0,1,300,300,10,"(25, 35]"
909,910,2023-03-06,CUST910,0,20,2,3,50,150,3,"(18, 25]"
910,911,2023-05-21,CUST911,1,42,0,3,300,900,5,"(35, 45]"
911,912,2023-01-24,CUST912,1,51,2,3,50,150,1,"(45, 65]"
912,913,2023-01-28,CUST913,1,29,0,3,30,90,1,"(25, 35]"
913,914,2023-10-11,CUST914,0,59,0,1,500,500,10,"(45, 65]"
914,915,2023-05-30,CUST915,0,26,2,3,30,90,5,"(25, 35]"
915,916,2023-12-24,CUST916,0,32,0,1,50,50,12,"(25, 35]"
916,917,2023-03-06,CUST917,0,57,0,4,50,200,3,"(45, 65]"
917,918,2023-11-23,CUST918,0,42,0,3,30,90,11,"(35, 45]"
918,919,2023-09-09,CUST919,0,22,2,2,25,50,9,"(18, 25]"
919,920,2023-02-22,CUST920,0,28,2,3,25,75,2,"(25, 35]"
920,921,2023-01-07,CUST921,1,51,0,3,25,75,1,"(45, 65]"
921,922,2023-10-21,CUST922,1,41,0,1,50,50,10,"(35, 45]"
922,923,2023-05-26,CUST923,1,32,2,3,300,900,5,"(25, 35]"
923,924,2023-08-29,CUST924,1,55,2,2,50,100,8,"(45, 65]"
924,925,2023-09-03,CUST925,1,25,0,1,300,300,9,"(18, 25]"
925,926,2023-08-14,CUST926,1,22,0,1,30,30,8,"(18, 25]"
926,927,2023-06-24,CUST927,1,43,0,4,500,2000,6,"(35, 45]"
927,928,2023-04-05,CUST928,0,35,1,4,300,1200,4,"(25, 35]"
928,929,2023-01-27,CUST929,0,23,2,3,25,75,1,"(18, 25]"
929,930,2023-05-10,CUST930,1,54,1,4,50,200,5,"(45, 65]"
930,931,2023-09-02,CUST931,1,30,2,4,30,120,9,"(25, 35]"
931,932,2023-02-28,CUST932,0,45,2,4,25,100,2,"(35, 45]"
932,933,2023-02-03,CUST933,1,22,2,1,30,30,2,"(18, 25]"
933,934,2023-07-25,CUST934,1,30,2,1,500,500,7,"(25, 35]"
934,935,2023-09-09,CUST935,0,34,2,1,50,50,9,"(25, 35]"
935,936,2023-02-07,CUST936,1,57,2,4,50,200,2,"(45, 65]"
936,937,2023-10-23,CUST937,0,62,2,1,500,500,10,"(45, 65]"
937,938,2023-11-19,CUST938,1,49,1,4,50,200,11,"(45, 65]"
938,939,2023-12-18,CUST939,0,46,0,1,300,300,12,"(45, 65]"
939,940,2023-01-28,CUST940,0,20,0,1,30,30,1,"(18, 25]"
940,941,2023-03-19,CUST941,0,57,1,2,25,50,3,"(45, 65]"
941,942,2023-03-18,CUST942,1,51,1,3,500,1500,3,"(45, 65]"
942,943,2023-10-16,CUST943,0,57,1,4,300,1200,10,"(45, 65]"
943,944,2023-06-05,CUST944,1,44,1,2,25,50,6,"(35, 45]"
944,945,2023-02-13,CUST945,1,30,2,1,25,25,2,"(25, 35]"
945,946,2023-05-08,CUST946,1,62,0,4,500,2000,5,"(45, 65]"
946,947,2023-03-02,CUST947,1,50,2,1,300,300,3,"(45, 65]"
947,948,2023-10-13,CUST948,0,23,0,3,25,75,10,"(18, 25]"
948,949,2023-08-02,CUST949,0,41,0,2,25,50,8,"(35, 45]"
949,950,2023-11-07,CUST950,1,36,1,3,300,900,11,"(35, 45]"
950,951,2023-11-02,CUST951,1,33,2,2,50,100,11,"(25, 35]"
951,952,2023-11-13,CUST952,0,57,1,1,25,25,11,"(45, 65]"
952,953,2023-04-26,CUST953,1,45,2,3,30,90,4,"(35, 45]"
953,954,2023-09-25,CUST954,0,50,0,3,300,900,9,"(45, 65]"
954,955,2023-07-14,CUST955,1,58,1,1,25,25,7,"(45, 65]"
955,956,2023-08-19,CUST956,1,30,1,3,500,1500,8,"(25, 35]"
956,957,2023-08-15,CUST957,0,60,0,4,30,120,8,"(45, 65]"
957,958,2023-06-02,CUST958,1,62,0,2,25,50,6,"(45, 65]"
958,959,2023-10-29,CUST959,0,42,0,2,30,60,10,"(35, 45]"
959,960,2023-08-08,CUST960,1,59,1,2,30,60,8,"(45, 65]"
960,961,2023-06-06,CUST961,1,53,2,4,50,200,6,"(45, 65]"
961,962,2023-10-19,CUST962,1,44,1,2,30,60,10,"(35, 45]"
962,963,2023-11-14,CUST963,0,55,2,1,50,50,11,"(45, 65]"
963,964,2023-01-31,CUST964,1,24,1,3,300,900,1,"(18, 25]"
964,965,2023-11-09,CUST965,1,22,1,4,50,200,11,"(18, 25]"
965,966,2023-02-20,CUST966,1,60,0,2,500,1000,2,"(45, 65]"
966,967,2023-04-17,CUST967,1,62,2,1,25,25,4,"(45, 65]"
967,968,2023-11-17,CUST968,0,48,1,3,300,900,11,"(45, 65]"
968,969,2023-04-19,CUST969,0,40,1,3,300,900,4,"(35, 45]"
969,970,2023-05-16,CUST970,1,59,0,4,500,2000,5,"(45, 65]"
970,971,2023-12-05,CUST971,0,27,0,4,50,200,12,"(25, 35]"
971,972,2023-02-11,CUST972,1,49,2,4,25,100,2,"(45, 65]"
972,973,2023-03-22,CUST973,1,60,1,1,50,50,3,"(45, 65]"
973,974,2023-05-03,CUST974,1,47,2,1,30,30,5,"(45, 65]"
974,975,2023-03-30,CUST975,0,56,1,4,50,200,3,"(45, 65]"
975,976,2023-10-10,CUST976,0,48,2,2,300,600,10,"(45, 65]"
976,977,2023-02-08,CUST977,0,35,0,3,25,75,2,"(25, 35]"
977,978,2023-03-22,CUST978,0,53,1,3,50,150,3,"(45, 65]"
978,979,2023-01-02,CUST979,0,19,2,1,25,25,1,"(18, 25]"
979,980,2023-07-29,CUST980,0,31,0,3,25,75,7,"(25, 35]"
980,981,2023-08-19,CUST981,0,30,0,2,30,60,8,"(25, 35]"
981,982,2023-12-19,CUST982,0,46,2,3,30,90,12,"(45, 65]"
982,983,2023-11-01,CUST983,0,29,1,1,300,300,11,"(25, 35]"
983,984,2023-08-29,CUST984,1,56,1,1,500,500,8,"(45, 65]"
984,985,2023-05-30,CUST985,0,19,0,2,25,50,5,"(18, 25]"
985,986,2023-01-17,CUST986,0,49,1,2,500,1000,1,"(45, 65]"
986,987,2023-04-29,CUST987,0,30,1,3,300,900,4,"(25, 35]"
987,988,2023-05-28,CUST988,0,63,1,3,25,75,5,"(45, 65]"
988,989,2023-12-28,CUST989,0,44,0,1,25,25,12,"(35, 45]"
989,990,2023-05-25,CUST990,0,58,2,2,500,1000,5,"(45, 65]"
990,991,2023-12-26,CUST991,0,34,1,2,50,100,12,"(25, 35]"
991,992,2023-08-21,CUST992,0,57,0,2,30,60,8,"(45, 65]"
992,993,2023-02-06,CUST993,0,48,0,3,50,150,2,"(45, 65]"
993,994,2023-12-18,CUST994,0,51,2,2,500,1000,12,"(45, 65]"
994,995,2023-04-30,CUST995,0,41,1,1,30,30,4,"(35, 45]"
995,996,2023-05-16,CUST996,1,62,1,1,50,50,5,"(45, 65]"
996,997,2023-11-17,CUST997,1,52,2,3,30,90,11,"(45, 65]"
997,998,2023-10-29,CUST998,0,23,2,4,25,100,10,"(18, 25]"
998,999,2023-12-05,CUST999,0,36,0,3,50,150,12,"(35, 45]"
999,1000,2023-04-12,CUST1000,1,47,0,4,30,120,4,"(45, 65]"
